lon,lat,mag,time_string,depth,catalog_id,event_id
25.45,36.04,4.3,2010-01-05T02:47:16,115.0,,0
13.41,43.12,4.2,2010-01-12T08:25:10,25.0,,1
13.47,43.26,4.1,2010-01-12T13:35:47,31.0,,2
27.71,35.2,5.0,2010-01-17T20:16:00,52.0,,3
21.95,38.39,5.5,2010-01-18T15:56:00,10.0,,4
22.04,38.42,5.4,2010-01-22T00:46:57,5.3,,5
21.98,38.32,4.4,2010-01-22T10:53:34,10.0,,6
22.01,38.34,4.7,2010-01-22T10:59:17,10.0,,7
26.94,35.11,4.7,2010-01-26T13:31:14,2.0,,8
22.45,38.3,4.4,2010-01-30T13:47:39,10.0,,9
38.01,39.52,4.5,2010-02-01T04:01:43,10.0,,10
19.41,42.27,4.6,2010-02-11T02:25:52,10.0,,11
25.42,33.98,5.5,2010-02-11T21:56:30,10.0,,12
7.59,56.9,4.1,2010-02-19T21:08:57,10.0,,13
40.05,38.82,6.1,2010-03-08T02:32:33,2.0,,14
40.22,38.82,5.6,2010-03-08T07:47:42,10.0,,15
20.66,42.76,4.9,2010-03-10T13:38:04,2.0,,16
35.03,40.51,4.5,2010-04-02T07:37:17,2.0,,17
15.11,37.76,4.2,2010-04-02T20:04:47,2.0,,18
6.23,35.99,4.4,2010-04-10T08:38:08,15.0,,19
12.44,43.49,4.1,2010-04-15T01:47:37,2.0,,20
26.04,34.2,5.4,2010-04-24T15:01:11,30.0,,21
26.5,34.94,4.4,2010-04-26T10:26:51,10.0,,22
27.67,36.3,4.3,2010-04-28T16:35:08,15.0,,23
4.12,35.9,5.4,2010-05-14T12:29:22,10.0,,24
4.0,35.97,4.1,2010-05-14T23:43:25,15.0,,25
4.05,35.84,5.1,2010-05-16T06:52:41,2.0,,26
4.1,35.86,5.1,2010-05-23T13:28:17,10.0,,27
16.59,42.37,4.3,2010-06-04T18:44:53,15.0,,28
24.75,35.41,4.5,2010-06-06T12:21:00,68.0,,29
41.55,42.67,4.3,2010-06-07T09:26:51,2.0,,30
26.42,45.57,4.3,2010-06-08T15:16:10,110.0,,31
16.14,38.83,4.1,2010-06-16T22:39:41,15.0,,32
17.0,43.78,4.4,2010-06-20T23:13:52,10.0,,33
19.84,41.17,4.8,2010-07-09T22:15:10,12.0,,34
21.81,36.23,4.9,2010-07-13T03:18:10,30.0,,35
26.84,36.79,5.2,2010-07-16T08:11:00,168.0,,36
23.99,39.31,5.0,2010-07-16T18:53:10,10.0,,37
21.86,35.82,4.8,2010-07-20T03:10:25,30.0,,38
21.42,38.86,4.1,2010-08-03T07:40:00,10.0,,39
25.03,34.23,5.0,2010-08-06T02:37:45,28.0,,40
24.39,34.68,4.9,2010-08-08T04:06:34,19.0,,41
23.62,40.53,4.5,2010-08-08T09:00:29,10.0,,42
23.52,40.52,4.4,2010-08-08T09:15:00,10.0,,43
27.61,39.66,4.6,2010-08-12T02:23:00,2.0,,44
20.49,39.37,4.4,2010-08-12T09:46:00,15.0,,45
20.89,37.22,4.1,2010-08-15T12:11:48,15.0,,46
14.95,38.36,4.7,2010-08-16T12:54:47,10.0,,47
20.21,37.42,5.6,2010-08-22T10:23:00,10.0,,48
12.66,42.85,4.1,2010-08-28T07:08:00,15.0,,49
12.17,44.11,4.0,2010-09-05T07:07:23,15.0,,50
39.04,38.08,4.9,2010-09-17T10:17:00,2.0,,51
15.63,41.49,4.3,2010-09-17T12:20:18,30.1,,52
1.4,45.94,4.3,2010-09-28T11:29:38,5.0,,53
26.31,45.5,4.4,2010-09-30T05:31:22,135.0,,54
26.45,34.93,5.1,2010-10-03T15:21:00,40.0,,55
27.55,43.13,4.4,2010-10-07T19:51:22,2.0,,56
22.71,38.16,4.5,2010-10-09T19:04:49,2.0,,57
22.24,35.3,4.4,2010-10-10T19:17:54,10.0,,58
21.59,42.42,4.5,2010-10-11T00:34:35,2.0,,59
12.37,44.14,4.1,2010-10-13T22:43:14,35.2,,60
29.61,36.1,4.8,2010-10-14T09:08:24,30.0,,61
16.66,38.87,4.4,2010-10-15T05:21:19,15.0,,62
20.49,39.39,4.6,2010-10-17T17:55:00,10.0,,63
21.44,39.97,4.5,2010-10-23T06:17:41,2.0,,64
23.53,34.64,4.8,2010-10-25T07:40:41,2.0,,65
20.69,43.74,5.5,2010-11-03T00:56:54,10.0,,66
26.3,40.43,5.3,2010-11-03T02:51:27,10.0,,67
13.2,40.03,5.2,2010-11-03T18:13:10,468.0,,68
27.41,37.85,4.9,2010-11-11T20:08:00,10.0,,69
9.42,35.08,4.6,2010-11-13T18:24:59,10.0,,70
36.02,36.58,5.0,2010-11-14T23:08:26,10.0,,71
36.37,37.35,4.7,2010-11-16T10:50:34,10.0,,72
24.0,36.95,4.6,2010-12-17T09:37:49,105.0,,73
20.3,37.38,4.8,2010-12-18T06:05:46,40.0,,74
25.87,40.32,4.5,2010-12-26T05:08:20,10.0,,75
21.46,36.29,4.2,2011-01-09T00:26:18,10.0,,76
42.6,42.01,5.3,2011-01-19T09:17:49,2.0,,77
29.77,40.71,4.2,2011-01-20T02:09:37,10.0,,78
23.51,39.56,4.2,2011-01-20T11:39:37,10.0,,79
18.95,43.25,4.2,2011-01-22T00:48:49,10.0,,80
18.83,43.11,4.5,2011-01-24T01:26:39,5.0,,81
18.38,47.51,4.4,2011-01-29T17:41:37,5.0,,82
23.3,35.06,4.4,2011-02-08T01:46:36,50.0,,83
7.68,50.36,4.0,2011-02-14T12:43:12,10.0,,84
24.98,39.9,4.7,2011-02-22T20:37:33,10.0,,85
26.58,34.41,4.5,2011-02-23T05:29:28,40.0,,86
25.42,34.76,5.5,2011-02-28T07:49:05,49.0,,87
26.63,35.54,6.2,2011-04-01T13:29:11,60.0,,88
21.96,38.12,4.4,2011-04-19T12:13:19,55.0,,89
14.88,35.82,4.2,2011-04-24T13:02:12,20.3,,90
17.32,44.76,4.4,2011-04-28T23:30:44,10.0,,91
26.58,45.6,4.8,2011-05-01T02:24:15,150.0,,92
14.96,37.78,4.3,2011-05-06T15:12:35,22.2,,93
27.24,36.7,5.3,2011-05-08T06:50:24,11.0,,94
15.18,39.05,4.8,2011-05-19T14:50:52,292.3,,95
29.1,39.15,6.0,2011-05-19T20:15:22,7.0,,96
23.76,34.36,5.3,2011-05-19T20:39:04,30.0,,97
29.04,39.12,4.6,2011-05-19T21:12:51,8.0,,98
29.09,39.1,4.5,2011-05-20T00:58:33,6.0,,99
12.03,43.86,4.2,2011-05-24T22:03:55,5.0,,100
21.13,37.94,5.0,2011-05-25T23:27:50,1.0,,101
21.16,37.93,4.8,2011-05-26T12:56:18,1.0,,102
23.47,35.68,4.6,2011-05-27T17:24:30,10.0,,103
29.04,39.12,5.0,2011-05-28T05:47:17,26.0,,104
22.2,36.35,4.6,2011-06-01T17:18:59,50.0,,105
19.75,40.69,4.4,2011-06-09T16:16:36,10.0,,106
16.5,43.82,4.0,2011-06-17T05:31:00,10.0,,107
27.77,35.23,4.8,2011-06-18T14:57:20,30.0,,108
39.6,38.58,5.4,2011-06-23T07:34:43,5.0,,109
14.76,38.06,4.7,2011-06-23T22:02:46,7.4,,110
29.07,39.15,4.9,2011-06-27T21:14:00,15.0,,111
35.9,37.36,4.4,2011-06-29T19:48:00,5.0,,112
7.58,41.96,4.3,2011-07-02T14:43:00,40.0,,113
26.69,36.49,4.7,2011-07-02T21:30:46,120.0,,114
14.8,38.01,4.1,2011-07-06T09:08:38,7.5,,115
7.6,42.06,5.1,2011-07-07T19:21:48,10.0,,116
29.95,40.25,4.5,2011-07-11T16:09:12,5.0,,117
11.86,43.92,4.3,2011-07-12T06:53:22,7.8,,118
11.85,43.92,4.2,2011-07-12T07:15:00,7.4,,119
11.86,43.93,4.0,2011-07-12T19:20:57,15.0,,120
12.72,42.44,4.0,2011-07-13T09:55:12,15.0,,121
11.41,45.01,4.8,2011-07-17T18:30:23,8.1,,122
20.22,37.42,5.2,2011-07-19T07:13:17,10.0,,123
7.28,44.98,4.7,2011-07-25T12:31:20,25.1,,124
27.75,40.8,5.2,2011-07-25T17:57:21,16.0,,125
31.88,38.33,4.9,2011-07-27T09:58:14,18.0,,126
21.83,38.4,4.9,2011-08-07T14:35:35,5.0,,127
22.02,37.27,5.0,2011-08-14T01:05:00,10.0,,128
17.75,43.06,4.0,2011-08-15T13:08:35,5.0,,129
21.71,37.92,5.1,2011-08-20T02:00:24,7.0,,130
26.58,36.87,4.5,2011-09-10T02:22:16,9.0,,131
26.58,36.89,4.3,2011-09-10T06:06:12,3.0,,132
23.73,34.24,5.2,2011-09-13T16:19:27,10.0,,133
22.05,37.2,4.7,2011-09-14T03:35:28,1.0,,134
38.84,39.79,5.6,2011-09-22T03:22:36,5.0,,135
18.57,42.53,4.2,2011-09-25T13:17:10,2.0,,136
23.67,34.22,5.4,2011-09-27T12:08:19,10.0,,137
23.8,34.1,4.3,2011-09-27T13:06:34,20.0,,138
26.53,45.58,4.7,2011-10-04T02:40:46,150.0,,139
21.62,39.2,4.4,2011-10-04T09:26:29,5.0,,140
22.03,35.74,4.3,2011-10-09T21:23:00,30.0,,141
22.02,37.19,4.8,2011-10-10T19:07:00,1.0,,142
30.21,35.36,4.4,2011-10-12T20:51:33,40.0,,143
9.41,44.53,4.2,2011-10-20T06:11:00,10.0,,144
43.22,38.64,6.0,2011-10-23T20:45:37,10.0,,145
43.39,38.8,5.1,2011-10-24T15:28:00,15.0,,146
43.7,38.86,5.7,2011-10-25T14:55:00,10.0,,147
10.92,45.71,4.1,2011-10-29T04:13:34,15.0,,148
25.65,35.79,4.7,2011-11-06T20:56:50,13.0,,149
43.17,38.74,5.4,2011-11-08T22:05:50,5.0,,150
43.26,38.45,5.8,2011-11-09T19:23:35,6.0,,151
21.82,38.42,4.7,2011-11-10T17:25:39,5.0,,152
22.0,37.17,4.4,2011-11-12T18:28:10,5.0,,153
43.22,38.72,5.3,2011-11-14T22:08:15,10.0,,154
14.67,38.26,4.2,2011-11-15T04:59:00,15.0,,155
43.87,38.85,5.0,2011-11-18T17:39:40,2.0,,156
25.08,34.1,5.5,2011-11-23T12:17:50,10.0,,157
25.02,34.22,4.7,2011-11-23T13:50:00,15.0,,158
43.51,38.42,5.3,2011-11-30T00:47:24,10.0,,159
26.31,38.83,4.7,2011-12-05T08:17:29,15.0,,160
19.28,43.29,4.6,2011-12-12T17:04:43,10.0,,161
12.98,36.02,4.7,2011-12-18T15:01:00,10.0,,162
27.21,37.98,4.3,2011-12-27T05:59:19,10.0,,163
27.3,35.74,4.4,2012-01-07T22:31:31,30.0,,164
10.97,45.54,4.1,2012-01-24T23:54:46,15.0,,165
10.54,44.85,5.0,2012-01-25T08:06:37,33.0,,166
25.07,36.07,5.2,2012-01-26T04:24:59,14.0,,167
25.06,36.04,5.4,2012-01-27T01:33:23,5.0,,168
10.03,44.48,5.0,2012-01-27T14:53:14,50.0,,169
27.21,37.47,4.3,2012-01-27T17:43:21,10.0,,170
25.16,36.03,4.5,2012-01-27T19:06:33,20.0,,171
25.06,36.03,4.7,2012-01-28T10:50:55,5.0,,172
25.08,36.01,4.8,2012-01-29T09:55:00,10.0,,173
24.09,40.13,5.2,2012-02-14T01:34:39,10.0,,174
37.46,38.65,4.6,2012-02-16T11:01:00,10.0,,175
27.47,38.15,4.4,2012-02-20T06:34:27,7.0,,176
21.65,37.59,4.3,2012-02-22T02:23:18,40.0,,177
13.42,38.65,4.4,2012-02-25T20:34:34,43.0,,178
6.66,44.54,4.5,2012-02-26T22:37:55,2.0,,179
24.06,40.13,5.3,2012-03-04T03:31:00,2.0,,180
7.63,42.03,4.5,2012-03-04T03:47:39,2.0,,181
9.38,44.54,4.3,2012-03-05T15:15:00,10.5,,182
13.2,42.81,4.0,2012-03-15T03:29:00,6.0,,183
24.02,35.86,4.0,2012-03-24T05:55:10,50.0,,184
20.53,39.46,4.6,2012-03-25T04:46:54,1.0,,185
42.27,39.24,5.2,2012-03-26T10:35:33,7.0,,186
4.59,36.1,4.2,2012-04-05T04:56:21,10.0,,187
13.31,38.19,4.5,2012-04-13T06:21:35,20.0,,188
21.65,36.78,5.6,2012-04-16T11:23:44,35.0,,189
21.74,36.68,4.5,2012-04-16T15:06:55,56.0,,190
29.12,39.11,4.5,2012-04-19T19:52:42,7.0,,191
25.4,34.73,4.8,2012-04-23T22:15:33,2.0,,192
1.55,36.51,4.8,2012-04-25T03:18:18,10.0,,193
29.08,39.12,4.8,2012-04-26T22:05:33,8.0,,194
26.7,38.66,4.8,2012-05-01T14:48:29,9.0,,195
29.1,39.13,5.3,2012-05-03T15:20:26,10.0,,196
21.41,36.5,4.5,2012-05-07T07:40:33,10.0,,197
34.17,34.25,5.3,2012-05-11T18:48:30,20.0,,198
11.26,44.9,4.3,2012-05-19T23:13:27,15.0,,199
11.25,44.89,6.1,2012-05-20T02:03:53,10.0,,200
11.15,44.86,5.1,2012-05-20T03:02:50,10.0,,201
11.49,44.83,5.2,2012-05-20T13:18:00,15.0,,202
11.38,44.88,4.5,2012-05-20T17:37:14,15.0,,203
11.35,44.85,4.1,2012-05-21T16:37:31,15.0,,204
23.01,42.66,5.7,2012-05-22T00:00:33,10.0,,205
23.05,42.64,4.8,2012-05-22T01:30:51,10.0,,206
20.75,39.21,4.3,2012-05-23T01:46:50,1.0,,207
11.25,44.87,4.1,2012-05-23T21:41:18,10.0,,208
38.58,38.15,4.4,2012-05-25T11:22:39,7.0,,209
24.71,34.6,4.5,2012-05-26T08:52:14,30.0,,210
16.12,39.86,4.5,2012-05-28T01:06:27,3.0,,211
21.55,37.99,4.2,2012-05-28T15:44:12,16.0,,212
11.09,44.85,6.0,2012-05-29T07:00:00,15.0,,213
10.94,44.9,4.7,2012-05-29T08:25:51,15.0,,214
11.01,44.89,5.5,2012-05-29T10:55:57,6.8,,215
39.52,43.39,4.2,2012-05-30T07:58:23,10.0,,216
10.94,44.9,4.9,2012-06-03T19:20:43,15.0,,217
28.16,36.94,4.5,2012-06-04T14:19:53,6.0,,218
12.35,44.43,4.2,2012-06-06T04:08:31,25.6,,219
20.91,41.38,4.6,2012-06-07T10:17:14,1.0,,220
27.92,40.85,5.0,2012-06-07T20:54:26,14.0,,221
12.44,46.21,4.2,2012-06-09T02:04:56,7.1,,222
28.94,36.35,6.1,2012-06-10T12:44:15,10.0,,223
29.02,36.39,4.3,2012-06-10T18:28:33,20.0,,224
10.89,44.88,4.2,2012-06-12T01:48:36,15.0,,225
42.46,37.23,5.3,2012-06-14T05:52:53,5.0,,226
29.09,36.27,4.7,2012-06-14T16:46:00,10.0,,227
21.58,40.53,4.6,2012-06-17T19:20:42,27.0,,228
6.38,39.13,4.6,2012-06-18T22:09:49,5.0,,229
29.16,39.14,4.6,2012-06-19T01:46:13,9.0,,230
22.03,38.14,4.7,2012-06-23T17:52:30,55.0,,231
31.05,35.73,4.5,2012-06-23T18:47:17,30.0,,232
43.67,38.73,4.9,2012-06-24T20:07:22,5.0,,233
29.01,36.39,5.0,2012-06-25T13:05:30,49.0,,234
14.65,33.99,4.7,2012-07-03T05:03:42,10.0,,235
16.87,37.69,4.6,2012-07-04T11:12:12,40.0,,236
15.14,38.57,4.3,2012-07-04T13:27:12,178.0,,237
26.73,34.9,5.1,2012-07-04T23:46:35,60.0,,238
26.67,45.68,4.4,2012-07-06T22:48:00,113.0,,239
28.88,35.52,5.7,2012-07-09T13:54:59,50.0,,240
23.08,42.61,4.2,2012-07-14T12:52:00,5.0,,241
25.23,34.22,4.8,2012-07-18T19:37:21,40.0,,242
36.38,37.55,4.8,2012-07-22T09:26:00,7.0,,243
23.39,34.99,4.3,2012-07-24T20:19:45,60.0,,244
17.92,44.19,4.7,2012-07-27T23:12:22,2.0,,245
17.91,44.18,4.4,2012-07-30T09:01:17,2.0,,246
28.03,38.71,4.6,2012-08-03T10:18:20,5.0,,247
16.77,43.98,4.5,2012-08-03T19:57:27,20.0,,248
24.08,34.42,4.9,2012-08-07T07:48:22,30.0,,249
16.27,41.77,4.1,2012-08-12T01:21:36,8.4,,250
13.73,38.52,4.2,2012-08-13T07:30:51,26.5,,251
15.71,38.25,4.6,2012-08-28T23:12:15,45.4,,252
19.93,41.1,4.3,2012-09-04T22:43:43,10.0,,253
24.03,34.74,5.3,2012-09-12T03:27:45,30.0,,254
35.77,37.44,4.6,2012-09-16T07:54:15,18.0,,255
37.1,37.31,5.0,2012-09-19T09:17:46,7.0,,256
22.55,35.23,5.0,2012-09-21T08:47:39,10.0,,257
22.62,35.42,4.7,2012-09-21T15:39:16,44.0,,258
22.74,38.07,5.0,2012-09-22T03:52:24,10.0,,259
20.83,40.15,4.8,2012-09-22T06:15:57,10.0,,260
30.0,34.73,4.6,2012-09-26T01:28:30,10.0,,261
14.81,38.52,4.5,2012-09-29T00:39:44,249.0,,262
27.88,35.19,4.6,2012-09-29T05:25:42,10.0,,263
7.21,44.57,4.0,2012-10-03T09:20:43,10.0,,264
9.77,44.85,4.5,2012-10-03T14:41:30,30.0,,265
33.8,39.35,4.7,2012-10-05T10:25:27,21.0,,266
25.25,40.26,4.5,2012-10-06T20:37:11,10.0,,267
4.44,36.92,4.2,2012-10-10T06:14:42,15.0,,268
37.11,37.3,4.5,2012-10-16T01:16:00,10.0,,269
37.16,37.27,4.5,2012-10-16T10:25:00,39.0,,270
15.59,39.74,4.8,2012-10-16T15:10:59,270.0,,271
30.94,32.48,5.0,2012-10-19T03:35:11,10.0,,272
20.62,38.97,4.9,2012-10-23T15:20:44,15.0,,273
16.01,39.88,5.3,2012-10-25T23:05:24,15.0,,274
22.89,38.96,4.6,2012-10-26T23:16:45,17.0,,275
19.07,42.54,4.6,2012-11-12T23:18:42,18.0,,276
15.84,38.27,4.4,2012-11-13T07:06:33,76.0,,277
19.02,42.55,4.5,2012-11-13T23:24:10,17.0,,278
37.12,37.32,4.9,2012-11-13T23:55:50,24.0,,279
37.14,37.28,4.4,2012-11-14T00:02:00,10.0,,280
14.96,37.8,4.1,2012-11-22T09:10:41,10.0,,281
14.99,37.77,4.2,2012-11-22T11:25:52,20.0,,282
27.95,36.58,4.7,2012-11-26T17:35:42,10.0,,283
5.19,36.84,5.0,2012-11-28T23:15:29,10.0,,284
5.19,36.89,4.3,2012-11-28T23:50:48,10.0,,285
26.76,45.75,4.3,2012-12-01T20:52:00,78.0,,286
28.65,43.41,4.2,2012-12-03T18:58:39,10.0,,287
23.03,36.92,4.6,2012-12-04T18:59:43,10.0,,288
23.11,36.94,4.5,2012-12-06T17:48:15,13.0,,289
19.73,41.13,4.1,2012-12-13T21:39:27,10.0,,290
25.1,34.05,4.6,2013-01-03T08:39:10,10.0,,291
14.8,37.81,4.4,2013-01-04T07:50:00,10.0,,292
37.96,37.93,4.3,2013-01-08T06:05:00,14.0,,293
37.96,37.92,4.5,2013-01-08T06:15:00,15.0,,294
25.54,39.66,5.8,2013-01-08T14:16:00,10.0,,295
25.63,39.71,4.5,2013-01-09T15:41:33,10.0,,296
25.52,39.67,4.4,2013-01-11T00:30:20,25.0,,297
25.55,39.65,4.7,2013-01-13T08:55:15,10.0,,298
21.62,35.63,4.2,2013-01-14T11:50:57,15.0,,299
30.6,31.98,4.5,2013-01-17T21:17:35,10.0,,300
10.45,44.17,5.0,2013-01-25T14:48:18,15.0,,301
25.05,34.26,4.8,2013-02-02T11:33:54,10.0,,302
14.66,46.51,4.4,2013-02-02T13:35:34,10.0,,303
16.35,43.63,4.1,2013-02-04T04:29:46,10.0,,304
23.93,40.33,4.7,2013-02-15T14:42:55,10.0,,305
13.58,41.71,4.9,2013-02-16T21:16:00,11.0,,306
20.72,37.32,5.1,2013-02-17T03:12:54,10.0,,307
21.53,36.6,5.2,2013-02-17T05:42:00,15.0,,308
20.32,36.88,4.6,2013-02-21T05:54:37,10.0,,309
26.92,37.41,4.8,2013-02-21T10:18:51,11.0,,310
24.19,34.42,4.6,2013-03-05T21:42:00,10.0,,311
21.01,38.74,4.1,2013-03-11T21:27:28,10.0,,312
5.6,35.83,4.6,2013-03-16T09:49:29,20.0,,313
29.56,42.16,4.7,2013-03-19T12:44:30,10.0,,314
16.5,37.76,4.6,2013-03-24T15:47:22,30.0,,315
20.07,41.84,4.3,2013-03-25T07:20:58,13.0,,316
24.71,35.65,4.4,2013-03-25T20:55:19,59.0,,317
24.31,36.02,4.2,2013-03-31T16:28:10,70.0,,318
23.3,34.9,4.6,2013-04-03T13:28:42,53.0,,319
7.78,33.75,4.4,2013-04-04T18:58:22,10.0,,320
24.09,34.8,5.4,2013-04-06T11:26:00,40.0,,321
23.03,36.53,4.7,2013-04-09T03:36:28,21.0,,322
20.34,47.69,4.6,2013-04-22T22:28:47,10.0,,323
20.57,38.39,4.5,2013-04-23T00:47:30,2.0,,324
22.94,36.75,4.3,2013-04-24T20:12:36,11.0,,325
22.22,38.26,4.4,2013-04-28T04:49:57,50.0,,326
22.7,37.45,4.5,2013-04-28T16:31:00,58.0,,327
12.33,32.8,4.8,2013-05-11T04:42:39,15.0,,328
28.39,37.05,5.0,2013-05-16T03:02:00,3.0,,329
5.18,36.76,5.2,2013-05-19T09:07:27,2.0,,330
25.03,34.23,4.7,2013-05-23T04:00:39,26.0,,331
20.45,38.66,4.7,2013-05-23T14:09:00,2.0,,332
5.19,36.71,4.7,2013-05-26T16:00:56,12.0,,333
19.4,34.95,4.3,2013-06-02T02:47:57,10.0,,334
21.75,36.71,5.0,2013-06-06T11:53:46,40.0,,335
13.87,43.58,4.1,2013-06-13T05:44:52,6.0,,336
25.0,34.23,6.3,2013-06-15T16:10:59,10.0,,337
25.13,34.25,4.4,2013-06-16T00:53:37,30.0,,338
14.83,45.78,3.9,2013-06-16T20:05:00,10.0,,339
25.03,34.3,6.1,2013-06-16T21:39:00,10.0,,340
22.07,36.87,4.3,2013-06-18T17:18:25,10.0,,341
25.01,34.21,4.6,2013-06-18T22:27:00,20.0,,342
25.1,34.28,4.9,2013-06-19T19:05:00,10.0,,343
10.14,44.15,5.4,2013-06-21T10:33:57,5.1,,344
10.15,44.16,4.3,2013-06-21T12:12:39,10.0,,345
19.58,40.21,4.4,2013-06-22T08:41:00,10.0,,346
10.21,44.18,4.7,2013-06-23T15:01:33,9.5,,347
10.2,44.17,4.8,2013-06-30T14:40:00,9.8,,348
21.86,40.13,4.9,2013-07-03T13:28:23,17.0,,349
3.02,36.55,5.0,2013-07-17T03:00:56,10.0,,350
13.74,43.53,5.2,2013-07-21T01:32:24,10.0,,351
13.73,43.51,4.2,2013-07-21T03:07:25,10.0,,352
34.35,40.99,4.5,2013-07-28T18:57:56,10.0,,353
25.88,40.32,5.1,2013-07-30T05:33:00,10.0,,354
15.09,45.14,4.6,2013-07-30T12:58:33,20.0,,355
21.49,36.63,4.4,2013-07-31T10:36:22,49.0,,356
29.42,39.19,4.3,2013-08-07T05:20:32,14.0,,357
22.69,38.69,5.5,2013-08-07T09:06:52,10.0,,358
22.66,38.69,4.7,2013-08-07T13:44:32,10.0,,359
20.47,39.35,4.7,2013-08-09T04:19:23,10.0,,360
22.69,38.7,4.9,2013-08-09T11:49:23,10.0,,361
22.66,38.7,4.9,2013-08-09T13:10:10,10.0,,362
27.72,33.76,4.3,2013-08-11T17:23:21,60.0,,363
13.69,43.58,4.5,2013-08-22T06:44:52,10.0,,364
27.41,40.35,4.1,2013-08-29T06:20:35,10.0,,365
15.4,39.51,4.5,2013-09-02T01:14:14,326.0,,366
25.01,34.8,4.9,2013-09-08T04:59:30,10.0,,367
22.89,45.6,4.5,2013-09-08T13:22:12,10.0,,368
20.22,37.83,4.2,2013-09-09T11:18:57,10.0,,369
20.77,38.03,4.6,2013-09-09T17:35:16,22.0,,370
22.71,38.68,4.8,2013-09-16T14:42:40,10.0,,371
22.73,38.71,5.4,2013-09-16T15:01:14,10.0,,372
25.15,34.18,4.4,2013-09-18T18:32:56,10.0,,373
23.11,38.18,4.5,2013-09-20T02:05:18,10.0,,374
26.69,45.64,5.3,2013-10-06T01:37:21,134.0,,375
15.8,33.18,4.1,2013-10-09T17:22:47,10.0,,376
21.86,36.21,4.6,2013-10-10T12:26:48,30.0,,377
23.41,40.69,4.4,2013-10-11T05:15:46,10.0,,378
23.31,35.56,6.5,2013-10-12T13:11:54,47.0,,379
26.56,45.64,4.7,2013-10-15T19:33:12,136.0,,380
27.33,36.61,4.1,2013-10-18T01:26:48,125.0,,381
10.98,35.61,4.7,2013-10-18T15:08:32,10.0,,382
23.01,35.22,4.1,2013-10-19T02:19:16,20.0,,383
25.13,34.88,4.5,2013-10-19T16:52:00,10.0,,384
10.93,35.6,4.5,2013-10-21T19:37:00,10.0,,385
34.43,36.23,4.5,2013-10-23T12:24:23,10.0,,386
23.1,38.92,4.9,2013-11-12T18:09:28,10.0,,387
27.85,34.86,4.6,2013-11-13T07:13:51,10.0,,388
16.86,43.66,4.4,2013-11-18T07:58:41,10.0,,389
21.0,42.89,4.3,2013-11-18T13:15:00,10.0,,390
26.73,45.79,4.4,2013-11-21T06:38:52,90.0,,391
9.0,44.91,4.0,2013-11-21T10:36:49,10.0,,392
25.66,33.99,4.6,2013-11-24T03:28:50,40.0,,393
31.87,40.78,4.8,2013-11-24T20:49:38,10.0,,394
27.92,40.85,4.7,2013-11-27T04:13:37,10.0,,395
23.02,37.34,4.3,2013-11-27T14:21:16,13.0,,396
22.56,35.24,4.2,2013-11-29T23:47:36,10.0,,397
31.26,36.54,4.8,2013-12-08T17:31:57,90.0,,398
21.29,36.26,4.7,2013-12-10T15:24:27,10.0,,399
19.27,42.43,4.3,2013-12-10T18:33:00,13.0,,400
22.3,38.99,4.3,2013-12-11T13:00:54,12.0,,401
14.94,36.67,4.1,2013-12-15T03:57:33,15.0,,402
12.53,43.38,4.2,2013-12-18T10:58:51,15.0,,403
12.52,43.38,4.3,2013-12-22T10:06:35,10.0,,404
26.27,34.85,4.6,2013-12-24T03:32:50,15.0,,405
31.06,36.94,4.3,2013-12-25T18:11:36,91.0,,406
31.29,35.96,5.9,2013-12-28T15:21:00,64.0,,407
17.3,43.12,4.3,2013-12-29T06:54:58,10.0,,408
14.45,41.37,5.2,2013-12-29T17:08:43,11.0,,409
25.28,34.55,4.6,2013-12-31T15:06:17,50.0,,410
21.01,37.91,4.9,2014-01-11T04:12:57,10.0,,411
14.92,38.37,4.1,2014-01-14T03:43:42,12.0,,412
14.94,38.36,4.2,2014-01-14T04:35:00,11.0,,413
19.48,41.39,4.6,2014-01-20T06:00:15,10.0,,414
14.45,41.36,4.4,2014-01-20T07:12:40,11.0,,415
22.01,38.3,4.3,2014-01-24T22:08:48,10.0,,416
20.41,38.19,6.2,2014-01-26T13:55:43,18.0,,417
20.29,38.33,4.6,2014-01-26T14:59:24,10.0,,418
20.27,38.33,5.5,2014-01-26T18:45:00,10.0,,419
20.22,38.21,4.4,2014-01-26T19:03:00,10.0,,420
19.96,43.28,4.6,2014-01-26T19:06:40,10.0,,421
20.31,38.25,4.7,2014-01-26T19:12:00,10.0,,422
20.26,38.14,4.7,2014-01-26T21:15:34,10.0,,423
20.31,38.17,4.4,2014-01-26T23:06:54,10.0,,424
20.31,38.16,4.4,2014-01-27T09:47:38,10.0,,425
20.32,38.27,4.6,2014-01-27T13:05:50,10.0,,426
20.36,38.37,4.5,2014-01-27T15:39:34,10.0,,427
20.37,38.24,4.3,2014-01-28T05:12:54,10.0,,428
20.4,38.41,4.4,2014-01-28T19:12:11,10.0,,429
20.35,38.42,4.5,2014-01-28T22:22:38,10.0,,430
21.83,37.1,4.5,2014-01-29T21:04:10,17.0,,431
20.39,38.43,4.7,2014-01-30T11:06:18,10.0,,432
20.37,38.43,4.4,2014-01-31T06:52:47,10.0,,433
20.35,38.44,4.6,2014-01-31T12:45:40,10.0,,434
22.74,38.72,4.8,2014-02-01T08:14:00,12.0,,435
20.36,38.18,5.0,2014-02-01T16:33:40,10.0,,436
20.32,38.26,6.2,2014-02-03T03:08:45,10.0,,437
20.27,38.29,4.4,2014-02-04T19:42:12,10.0,,438
21.96,38.33,4.3,2014-02-04T22:49:00,10.0,,439
22.76,38.69,4.6,2014-02-06T07:58:26,18.0,,440
21.0,37.89,4.3,2014-02-06T12:27:15,10.0,,441
20.28,38.19,4.7,2014-02-06T19:21:00,10.0,,442
21.72,38.31,4.4,2014-02-07T01:21:53,10.0,,443
20.33,38.35,4.1,2014-02-07T03:26:42,10.0,,444
20.35,38.21,4.1,2014-02-08T17:12:50,10.0,,445
20.29,38.28,4.7,2014-02-09T08:23:00,10.0,,446
36.02,36.75,4.7,2014-02-14T00:33:38,14.0,,447
20.26,38.21,4.8,2014-02-14T03:38:34,10.0,,448
20.34,38.31,4.9,2014-02-15T07:31:18,10.0,,449
20.42,38.22,4.1,2014-02-21T15:18:23,13.0,,450
36.38,37.42,4.4,2014-02-22T15:42:00,10.0,,451
3.64,36.82,4.2,2014-02-22T19:30:34,13.0,,452
26.68,45.72,4.5,2014-02-24T00:22:53,107.0,,453
35.18,36.79,4.2,2014-03-02T04:25:57,10.0,,454
20.26,38.15,4.9,2014-03-05T12:49:21,10.0,,455
20.21,38.09,4.2,2014-03-05T15:08:44,10.0,,456
31.31,35.95,4.5,2014-03-06T15:15:22,47.0,,457
19.44,41.51,4.2,2014-03-08T15:06:32,10.0,,458
19.43,41.48,4.3,2014-03-08T15:12:32,10.0,,459
20.34,38.2,4.3,2014-03-10T23:27:50,15.0,,460
25.72,37.57,4.4,2014-03-15T05:29:34,10.0,,461
26.12,34.11,4.2,2014-03-21T10:59:52,10.0,,462
25.61,34.0,4.3,2014-03-23T11:12:25,45.0,,463
26.4,45.62,4.7,2014-03-29T19:18:00,135.0,,464
23.74,37.19,5.6,2014-04-04T20:08:00,111.0,,465
17.18,38.82,4.8,2014-04-05T10:24:46,64.0,,466
6.69,44.47,4.9,2014-04-07T19:26:59,5.0,,467
25.83,34.01,5.2,2014-04-14T20:41:24,20.0,,468
14.18,45.61,4.6,2014-04-22T08:58:26,25.0,,469
21.57,35.48,4.8,2014-04-25T02:56:34,30.0,,470
21.54,35.4,4.6,2014-04-25T17:20:30,10.0,,471
0.02,43.15,4.2,2014-04-29T07:03:24,2.0,,472
25.13,38.23,4.9,2014-04-30T04:03:31,2.0,,473
31.06,36.04,4.3,2014-05-05T05:05:41,80.0,,474
19.78,37.75,4.3,2014-05-07T06:20:00,10.0,,475
20.27,39.76,5.0,2014-05-12T00:54:33,4.0,,476
19.81,40.94,5.1,2014-05-19T00:59:20,10.0,,477
19.86,40.92,4.4,2014-05-20T04:43:26,2.0,,478
0.17,35.73,4.9,2014-05-22T05:22:00,10.0,,479
25.4,40.29,6.9,2014-05-24T09:25:00,27.0,,480
25.95,40.43,4.6,2014-05-24T14:49:15,10.0,,481
24.41,40.02,4.5,2014-05-24T16:50:00,2.0,,482
24.37,40.02,4.6,2014-05-25T00:07:59,2.0,,483
26.14,40.42,4.9,2014-05-25T11:38:39,10.0,,484
24.54,34.52,4.9,2014-06-01T12:05:48,10.0,,485
23.7,39.16,4.4,2014-06-06T12:21:00,24.0,,486
16.09,39.9,4.3,2014-06-06T13:41:38,10.0,,487
24.09,39.76,4.2,2014-06-06T17:10:25,10.0,,488
22.04,38.33,4.4,2014-06-08T15:10:51,12.0,,489
36.05,36.75,4.7,2014-06-09T03:38:34,18.0,,490
28.37,34.68,4.8,2014-06-11T03:53:40,76.0,,491
27.04,35.33,4.7,2014-06-13T00:34:52,80.0,,492
28.57,36.32,4.3,2014-06-20T13:59:43,60.0,,493
24.47,43.81,4.1,2014-06-24T19:39:53,18.0,,494
21.73,38.34,4.2,2014-06-25T09:21:42,10.0,,495
25.12,38.24,4.6,2014-06-27T16:14:28,13.0,,496
27.93,40.21,4.5,2014-07-03T05:04:46,12.0,,497
26.12,34.29,4.5,2014-07-06T17:01:32,52.0,,498
23.7,38.44,4.4,2014-07-11T09:46:00,10.0,,499
26.17,34.2,4.8,2014-07-22T08:04:20,45.0,,500
3.18,36.93,5.5,2014-08-01T04:11:17,10.0,,501
15.69,38.71,4.1,2014-08-04T05:54:00,171.0,,502
24.79,34.58,4.7,2014-08-08T08:20:45,10.0,,503
16.42,40.45,3.9,2014-08-12T20:15:34,16.0,,504
28.3,35.93,4.3,2014-08-14T12:28:00,10.0,,505
27.74,35.41,4.7,2014-08-21T20:37:18,10.0,,506
23.43,39.89,5.3,2014-08-22T04:27:55,10.0,,507
26.34,45.6,4.3,2014-08-24T07:12:49,150.0,,508
30.63,37.68,4.9,2014-08-24T19:43:32,10.0,,509
10.7,45.67,4.0,2014-08-28T17:49:20,10.0,,510
23.68,36.67,5.8,2014-08-29T03:45:00,95.0,,511
16.25,44.43,4.2,2014-08-30T18:16:47,20.0,,512
32.51,41.64,4.1,2014-09-04T03:53:00,10.0,,513
24.88,40.13,5.0,2014-09-04T17:43:39,10.0,,514
30.89,36.24,5.3,2014-09-04T21:00:00,72.0,,515
18.76,39.19,4.1,2014-09-05T10:10:19,10.0,,516
19.88,37.61,4.6,2014-09-07T09:56:25,10.0,,517
10.66,44.11,4.4,2014-09-07T10:45:00,12.0,,518
26.53,45.61,4.4,2014-09-10T19:45:58,107.0,,519
23.37,34.53,4.4,2014-09-12T21:56:49,50.0,,520
30.92,36.21,4.4,2014-09-12T22:55:38,60.0,,521
25.12,34.2,4.6,2014-09-14T06:01:22,10.0,,522
21.21,40.79,4.3,2014-09-17T12:33:23,10.0,,523
38.7,39.16,4.1,2014-09-20T02:52:57,10.0,,524
21.83,38.35,5.0,2014-09-21T00:43:40,11.0,,525
21.81,38.37,4.5,2014-09-21T01:13:27,10.0,,526
25.12,34.18,4.4,2014-09-26T07:51:20,10.0,,527
16.5,36.78,4.2,2014-09-26T23:38:11,40.0,,528
18.35,43.06,4.3,2014-09-30T15:12:41,10.0,,529
27.11,35.0,4.3,2014-09-30T22:16:33,10.0,,530
29.37,36.95,4.3,2014-10-01T07:16:28,10.0,,531
27.05,36.01,4.4,2014-10-02T12:06:29,10.0,,532
27.05,36.01,4.5,2014-10-02T15:51:58,10.0,,533
21.78,37.93,4.8,2014-10-03T15:12:11,19.0,,534
26.3,34.38,5.0,2014-10-03T22:20:46,20.0,,535
22.22,37.4,4.5,2014-10-04T00:12:00,10.0,,536
25.14,34.17,4.2,2014-10-04T05:23:49,10.0,,537
26.21,34.89,4.7,2014-10-04T12:27:52,30.0,,538
26.59,34.89,4.5,2014-10-06T18:08:00,10.0,,539
14.85,38.51,4.1,2014-10-09T22:58:28,10.0,,540
21.49,35.46,4.5,2014-10-12T20:59:10,10.0,,541
26.58,35.65,4.5,2014-10-16T06:48:29,65.0,,542
21.44,37.88,4.4,2014-10-16T17:59:52,22.0,,543
30.1,40.41,4.3,2014-10-22T17:11:00,10.0,,544
21.13,38.92,5.3,2014-10-24T23:43:15,10.0,,545
20.35,38.1,4.5,2014-11-05T14:22:24,10.0,,546
20.4,38.15,4.9,2014-11-07T07:41:39,10.0,,547
22.13,38.29,5.1,2014-11-07T17:12:59,10.0,,548
20.33,38.15,5.1,2014-11-08T23:15:42,10.0,,549
26.57,34.59,4.6,2014-11-09T23:24:36,48.0,,550
28.78,37.14,4.8,2014-11-10T06:16:40,13.0,,551
28.69,37.08,4.4,2014-11-10T09:20:44,10.0,,552
20.46,38.3,4.2,2014-11-12T06:31:38,10.0,,553
20.33,38.44,4.6,2014-11-13T09:37:53,10.0,,554
3.44,36.38,4.3,2014-11-15T01:13:00,10.0,,555
23.41,38.66,5.3,2014-11-17T23:05:55,10.0,,556
23.43,38.65,5.2,2014-11-17T23:09:00,10.0,,557
27.16,45.87,5.8,2014-11-22T19:14:17,39.0,,558
20.35,38.34,4.2,2014-11-24T07:20:32,10.0,,559
27.74,36.95,4.2,2014-11-26T05:05:33,10.0,,560
29.0,39.33,4.4,2014-11-28T02:30:00,10.0,,561
25.17,40.21,4.3,2014-12-02T20:15:17,10.0,,562
26.16,38.6,4.4,2014-12-04T21:16:29,10.0,,563
26.22,38.94,5.1,2014-12-06T01:45:00,10.0,,564
26.23,38.9,5.0,2014-12-06T06:20:54,14.0,,565
27.17,45.91,4.4,2014-12-07T21:04:00,38.0,,566
20.39,38.42,4.7,2014-12-11T22:24:22,25.0,,567
15.17,40.46,4.3,2014-12-14T14:33:31,307.0,,568
27.07,40.15,4.2,2014-12-16T09:02:13,10.0,,569
11.25,43.6,4.2,2014-12-19T09:39:41,10.0,,570
11.13,43.66,4.4,2014-12-19T10:36:32,10.0,,571
2.97,36.49,4.4,2014-12-19T11:06:00,10.0,,572
22.6,39.33,4.3,2014-12-19T22:40:33,20.0,,573
3.02,36.44,4.7,2014-12-23T08:00:21,10.0,,574
3.05,36.42,4.4,2014-12-23T08:59:00,10.0,,575
14.91,41.65,4.3,2014-12-24T11:40:12,20.0,,576
3.01,36.51,4.7,2014-12-26T17:55:18,12.0,,577
16.36,39.29,4.6,2014-12-28T21:43:38,11.0,,578
26.25,38.9,4.4,2014-12-29T08:06:23,12.0,,579
19.23,41.66,4.8,2014-12-29T20:34:13,10.0,,580
